extension_id,Name,Remark
kgmeffmlnkfnjpgmdndccklfigfhajen,Emoji keyboard online
dpdibkjjgbaadnnjhkmmnenkmbnhpobj,Free Weather Forecast
gaiceihehajjahakcglkhmdbbdclbnlf,Free Weather Forecast
mlgbkfnjdmaoldgagamcnommbbnhfnhf,Unlock Discord
eckokfcjbjbgjifpcbdmengnabecdakp,Dark Theme
mgbhdehiapbjamfgekfpebmhmnmcmemg,Volume Max
cbajickflblmpjodnjoldpiicfmecmif,Unblock TikTok
pdbfcnhlobhoahcamoefbfodpmklgmjm,Unlock YouTube VPN
eokjikchkppnkdipbiggnmlkahcdkikp,Geco colorpick
ihbiedpeaicgipncdnnkikeehnjiddck,Weather
jjdajogomggcjifnjgkpghcijgkbcjdi,Unlock TikTok
mmcnmppeeghenglmidpmjkaiamcacmgm,Volume Booster
ojdkklpgpacpicaobnhankbalkkgaafp,Web Sound Equalizer
lodeighbngipjjedfelnboplhgediclp,Header Value
hkjagicdaogfgdifaklcgajmgefjllmd,Flash Player
gflkbgebojohihfnnplhbdakoipdbpdm,Youtube Unblocked
kpilmncnoafddjpnbhepaiilgkdcieaf,SearchGPT
caibdnkmpnjhjdfnomfhijhmebigcelo,Unlock Discord
