extension_id,Name,Remark
kgmeffmlnkfnjpgmdndccklfigfhajen,Emoji keyboard online,test
dpdibkjjgbaadnnjhkmmnenkmbnhpobj,Free Weather Forecast,test
gaiceihehajjahakcglkhmdbbdclbnlf,Free Weather Forecast,test
mlgbkfnjdmaoldgagamcnommbbnhfnhf,Unlock Discord,test
eckokfcjbjbgjifpcbdmengnabecdakp,Dark Theme,test
mgbhdehiapbjamfgekfpebmhmnmcmemg,Volume Max,test
cbajickflblmpjodnjoldpiicfmecmif,Unblock TikTok,test
pdbfcnhlobhoahcamoefbfodpmklgmjm,Unlock YouTube VPN,test
eokjikchkppnkdipbiggnmlkahcdkikp,Geco colorpick,test
ihbiedpeaicgipncdnnkikeehnjiddck,Weather,test
jjdajogomggcjifnjgkpghcijgkbcjdi,Unlock TikTok,test
mmcnmppeeghenglmidpmjkaiamcacmgm,Volume Booster,test
ojdkklpgpacpicaobnhankbalkkgaafp,Web Sound Equalizer,test
lodeighbngipjjedfelnboplhgediclp,Header Value,test
hkjagicdaogfgdifaklcgajmgefjllmd,Flash Player,test
gflkbgebojohihfnnplhbdakoipdbpdm,Youtube Unblocked,test
kpilmncnoafddjpnbhepaiilgkdcieaf,SearchGPT,test
caibdnkmpnjhjdfnomfhijhmebigcelo,Unlock Discord,test
gomekmidlodglbbmalcneegieacbdmki,Avast Online Security & Privacy,test
nbmoafcmbajniiapeidgficgifbfmjfo,AVG Online Security,test
hjngolefdpdnooamgdldlkjgmdcmcjnc,Equatio - Math made digital,test
nlipoenfbbikpbjkfpfillcgkoblgpmj,Awesome Screen Recorder & Screenshot,test
mfpiaehgjbbfednooihadalhehabhcjo,Scrolling screenshot tool & screen capture,test
gpaiobkfhnonedkhhfjpmhdalgeoebfa,Microsoft Editor: Spelling & Grammar Checker,test
lmbopdiikkamfphhgcckcjhojnokgfeo,Antidote Connector,test
cimpffimgeipdhnhjohpbehjkcdpjolg,Watch2Gether,test
egjidjbpglichdcondbcbdnbeeppgdph,Trust Wallet,test
llaficoajjainaijghjlofdfmbjpebpa,"Speed Dial [FVD] - New Tab Page, 3D, Sync",test
lnbmbgocenenhhhdojdielgnmeflbnfb,SellerSprite - Amazon Research Tool,test
coplmfnphahpcknbchcehdikbdieognn,TravelArrow - Your Virtual Travel Agent,test
